PULocationID,trip_count,avg_rpm,median_rpm,std_rpm,avg_dist,cc_rate,airport_rate,avg_tip_rate,rpm_group
3,229,6.199752401746725,4.0909,7.529868266196769,9.28890829694323,0.9912663755458515,0.008733624454148471,0.0020013215859030838,mid_rpm
4,4916,11.01559690805533,9.71795,6.2180627685587195,2.974637917005696,0.9109031733116355,0.0032546786004882017,0.2066554488610987,high_rpm
7,1644,8.524234184914842,7.14185,5.481078816258884,4.369014598540146,0.6928223844282239,0.04805352798053528,0.11176777875329236,mid_rpm
10,1283,6.180155494933749,5.2433,5.782078287818792,11.9575058456742,0.8862042088854248,0.024162120031176928,0.10642620932277926,mid_rpm
11,229,6.708056768558952,5.0,5.643154049346689,8.05410480349345,1.0,0.0,0.0010161572052401746,mid_rpm
12,707,9.41853946251768,7.177,6.646345046514025,4.285473833097595,0.8302687411598303,0.015558698727015558,0.22025127768313457,mid_rpm
13,16294,9.61444410212348,7.879849999999999,6.150719350121912,4.108012151712287,0.9153676199828158,0.03848042224131582,0.23839676835400606,mid_rpm
14,1068,6.131404213483147,4.6479,5.500930314259093,7.957855805243446,0.9887640449438202,0.0028089887640449437,0.0053774621212121215,mid_rpm
16,165,4.899281212121212,3.84,2.7345911493486703,10.135696969696971,0.9393939393939394,0.0,0.002224516129032258,low_rpm
17,1362,7.781408957415565,5.8537,6.172040476635314,5.294287812041116,0.973568281938326,0.0022026431718061676,0.013994645550527903,mid_rpm
18,566,5.339059010600707,4.1758,4.454503246758143,9.02409893992933,0.9929328621908127,0.0017667844522968198,0.0014259786476868328,low_rpm
19,174,4.968391954022988,3.7712000000000003,3.8605408083731048,10.906724137931034,0.9252873563218391,0.017241379310344827,0.00843167701863354,low_rpm
20,297,5.510164646464647,4.186,4.388352080900282,8.517205387205388,0.9730639730639731,0.0,0.004615570934256056,low_rpm
21,507,6.972844970414201,5.2,5.694252575933649,6.979644970414201,0.9940828402366864,0.0,0.0,mid_rpm
22,563,7.704158969804618,5.5319,6.999404039081978,7.037371225577265,0.9946714031971581,0.0017761989342806395,0.0009728571428571428,mid_rpm
24,7353,10.10097112743098,9.3182,4.298025900147092,2.543998368013056,0.8403372773017815,0.01944784441724466,0.24107624211037387,mid_rpm
25,1713,8.210585172212493,6.5795,5.886951575653626,4.8782603619381195,0.9071803852889667,0.008172796263864565,0.09478024453024453,mid_rpm
26,751,7.8358302263648465,5.8974,7.157183481499213,5.685565912117177,0.9906790945406125,0.0,0.0005475806451612903,mid_rpm
28,422,6.657242890995261,4.4172,6.636425190274748,9.426824644549763,0.909952606635071,0.08056872037914692,0.043419531250000004,mid_rpm
29,522,6.3326300766283525,4.3243,5.397096247021345,8.963793103448277,0.9923371647509579,0.0019157088122605363,0.001633976833976834,mid_rpm
32,377,4.977723607427055,4.0,2.633224171897982,9.543209549071618,1.0,0.0,0.0029355437665782493,low_rpm
33,1758,7.916586973833902,6.5529,5.621087384844187,5.163720136518771,0.8907849829351536,0.01478953356086462,0.12139750957854406,mid_rpm
34,135,9.894636296296296,7.2414,9.618665613458214,4.858518518518518,0.8666666666666667,0.014814814814814815,0.12914871794871796,mid_rpm
35,1996,7.473826803607214,5.5556,6.3879544880667485,6.181472945891783,0.998997995991984,0.001002004008016032,0.0005318455366098295,mid_rpm
36,514,7.445639494163424,5.9762,5.027932072294024,5.392256809338521,0.9494163424124513,0.0038910505836575876,0.03747151639344262,mid_rpm
37,1390,7.2480665467625895,5.6522,5.752234803959318,5.470913669064748,0.9726618705035971,0.0028776978417266188,0.018962130177514795,mid_rpm
38,267,5.385160299625468,3.7143,7.609324277835718,12.463632958801497,0.9625468164794008,0.0,0.0038486381322957197,low_rpm
39,2316,6.950389421416235,5.26125,5.383942583986919,7.001813471502591,0.9969775474956822,0.0017271157167530224,0.0006486790818536163,mid_rpm
40,344,9.2210375,7.38415,6.671143229532663,4.224883720930232,0.8459302325581395,0.0029069767441860465,0.11491168384879726,mid_rpm
41,8142,9.58694486612626,8.7202,5.72976091950195,3.2659543109801032,0.765659543109801,0.014738393515106854,0.14812017965992944,mid_rpm
42,5093,8.707813606911447,7.0,7.216922177782603,4.681592381700373,0.8321225211074024,0.007068525427056745,0.04185311467673431,mid_rpm
43,47362,12.722240312909083,11.478,5.845497686358131,2.10387040243233,0.879608124656898,0.011676027194797517,0.2584524003840615,high_rpm
45,5195,11.477134918190568,9.7258,7.312582286204746,3.4002617901828684,0.8487006737247353,0.01482194417709336,0.2159448854615559,high_rpm
47,559,5.926676744186047,4.4681,5.48142542383428,8.110232558139534,0.9785330948121646,0.0017889087656529517,0.0010149908592321755,low_rpm
48,67197,13.423455389377501,11.4964,7.881765843396375,2.464677589773353,0.8557673705671384,0.02361712576454306,0.26213422485001303,high_rpm
49,1266,7.716023143759874,5.5814,7.114243770349874,5.602598736176936,0.9684044233807267,0.007898894154818325,0.02284274061990212,mid_rpm
50,14815,12.380426466419168,10.9052,6.67474946208526,2.532567667904151,0.8633142085723928,0.017279784002699965,0.24823994526974197,high_rpm
51,995,4.872289246231156,3.7705,4.468567366439198,10.879356783919597,0.9809045226130654,0.0020100502512562816,0.0015219262295081968,low_rpm
52,508,9.309775393700788,7.231450000000001,5.717205483496075,4.101062992125985,0.860236220472441,0.007874015748031496,0.15423226544622426,mid_rpm
53,149,5.216790604026845,4.2667,3.612937498512029,8.805503355704698,0.9395973154362416,0.06040268456375839,0.05491714285714285,low_rpm
55,1472,5.3490566576086955,4.0476,4.364294582713309,10.068254076086957,0.9993206521739131,0.0020380434782608695,0.0023564242012236573,low_rpm
56,528,5.437517992424243,4.3056,3.490669125923791,8.013920454545456,0.9772727272727273,0.007575757575757576,0.01458139534883721,low_rpm
60,333,5.598241741741742,4.4156,3.9830755811949397,8.215495495495496,0.972972972972973,0.0,0.0,low_rpm
61,3267,7.676945515763697,5.8333,6.554778851036994,5.613572084481175,0.9862258953168044,0.0009182736455463728,0.004502979515828677,mid_rpm
62,1011,7.5815384767556875,5.8537,6.4414494304452505,5.4036003956478735,0.9920870425321464,0.0019782393669634025,0.005638384845463609,mid_rpm
63,646,6.146045510835914,5.03085,3.9855701273511754,7.135061919504644,0.9922600619195047,0.0030959752321981426,0.005977847113884555,mid_rpm
65,2139,8.05031304347826,6.6277,6.213557875724628,5.506830294530155,0.8457223001402524,0.057971014492753624,0.14031542288557214,mid_rpm
66,1490,7.85191899328859,7.02715,3.58628534771567,4.695825503355705,0.8604026845637583,0.02348993288590604,0.17845171606864274,mid_rpm
67,251,7.430690438247012,5.2,5.90883514924458,6.781593625498008,0.9920318725099602,0.00398406374501992,0.004080722891566265,mid_rpm
68,76735,13.06781669772594,11.6667,6.765049853028271,2.5084088095393238,0.887183162833127,0.015729458526096307,0.2545567980845501,high_rpm
69,1122,6.536918181818182,5.0746,5.412135385336751,6.741916221033868,0.9598930481283422,0.0035650623885918,0.0011100278551532034,mid_rpm
70,7837,6.332493517927778,5.7775,4.122133107159848,9.524784994258008,0.8883501339798392,0.8550465739441113,0.23474829072105718,mid_rpm
71,1453,8.073580729525121,5.9524,7.090550706614537,5.679139710942877,0.9986235375086029,0.0006882312456985547,0.0007698828394210889,mid_rpm
72,1644,7.89029294403893,5.814,7.022658509530708,5.68360097323601,0.9975669099756691,0.0,0.0008657317073170732,mid_rpm
74,7303,9.241767629741203,8.27,5.7894273797867255,3.3747651650006847,0.7713268519786389,0.014377653019307135,0.13415716314574827,mid_rpm
75,19614,10.528658957887222,9.60705,5.533380972915304,2.802916284286734,0.8232894871010503,0.01325583766697257,0.2038152464701511,high_rpm
76,3618,6.708648396904366,5.0909,5.270705821683906,6.8897208402432275,0.9958540630182421,0.0019347705914870095,0.0012011101859561476,mid_rpm
77,985,6.642742030456853,5.0,5.40107835654855,7.108304568527919,0.9969543147208122,0.0,0.001209368635437882,mid_rpm
78,630,5.523804444444444,4.4042,4.27782210156096,8.213111111111111,0.9825396825396825,0.0,0.0003701130856219709,low_rpm
79,64913,12.340733481737093,11.0131,6.396800285686393,2.3399171198373208,0.9011754194075147,0.008210990094434089,0.249113800471811,high_rpm
80,1005,8.996664776119403,6.4286,9.536377757386024,5.299014925373134,0.9203980099502488,0.06069651741293532,0.08329751351351351,mid_rpm
81,435,4.688854942528736,3.7267,3.525264345638315,10.701954022988506,0.9839080459770115,0.0,0.0006210280373831775,low_rpm
82,746,7.07956836461126,5.083349999999999,5.150464073946275,6.300898123324397,0.8739946380697051,0.021447721179624665,0.0348760736196319,mid_rpm
83,338,11.70726597633136,8.00675,9.35834136244028,5.55784023668639,0.849112426035503,0.31952662721893493,0.09620801393728223,high_rpm
85,693,8.616367532467534,6.1538,8.335730875078285,5.54995670995671,0.9927849927849928,0.0,0.0008542151162790698,mid_rpm
86,593,4.721561551433389,3.5294,4.823756165888248,12.734991568296797,0.9966273187183811,0.01854974704890388,0.0017876480541455162,low_rpm
87,15844,9.552733583690987,7.3227,6.411229630607684,4.221950265084574,0.9009088613986367,0.027770764958343852,0.22283590444164214,mid_rpm
88,8991,8.871138349460571,6.9386,5.940349773735929,4.622732732732732,0.8697586475364253,0.019575130686241796,0.21328162404092071,mid_rpm
89,2114,7.575399763481552,5.7143,6.951663981135794,6.1498770104068115,0.988647114474929,0.0023651844843897824,0.003280622009569378,mid_rpm
90,45520,14.358637157293497,13.069,7.197568135073299,2.072152460456942,0.89402460456942,0.01610281195079086,0.26431217810104185,high_rpm
91,1712,7.191973306074767,5.42925,6.036676837112257,6.273942757009346,0.9947429906542056,0.002336448598130841,0.0001810921902524956,mid_rpm
92,556,5.404517985611511,4.1573,4.212426729690294,8.804208633093525,0.9586330935251799,0.02697841726618705,0.007925328330206378,low_rpm
93,568,8.812163204225351,7.270300000000001,7.017920880156939,9.033890845070422,0.823943661971831,0.18838028169014084,0.15860876068376067,mid_rpm
94,235,5.3689485106382975,4.1558,3.2536096047753245,8.895063829787235,0.9744680851063829,0.0,0.0024751091703056768,low_rpm
95,991,6.496006458123108,4.4776,5.579766354277023,7.368869828456105,0.9334006054490414,0.07063572149344097,0.023928216216216217,mid_rpm
97,2279,8.208794295743747,6.7308,6.657840127234819,4.941610355419043,0.8938130759104871,0.008336989907854322,0.08759307805596465,mid_rpm
98,129,6.899367441860465,4.0777,9.042198748672483,8.549302325581394,0.9302325581395349,0.0,0.0,mid_rpm
100,41000,14.50062014390244,12.6961,8.280882906684463,2.4254431707317075,0.8408536585365853,0.028975609756097562,0.25153589847715735,high_rpm
101,127,4.545405511811024,3.5433,5.509656247052414,11.824094488188978,0.937007874015748,0.023622047244094488,0.0037689075630252104,low_rpm
102,227,6.47777268722467,5.2941,3.810998603408287,6.848546255506608,0.960352422907489,0.08370044052863436,0.02323532110091743,mid_rpm
106,305,7.616371475409836,6.2673,4.473846084651413,4.931901639344263,0.9377049180327869,0.009836065573770493,0.0438479020979021,mid_rpm
107,54021,13.456119475759428,12.25,6.866262538427111,2.219341367246071,0.8943003646729976,0.018826012106403067,0.2549747780008694,high_rpm
108,483,6.42213105590062,4.6479,5.301243344102433,8.410973084886129,1.0,0.0,0.0,mid_rpm
112,769,7.845664239271782,6.6667,5.2256065294004586,4.532613784135241,0.918075422626788,0.011703511053315995,0.13588484419263458,mid_rpm
113,41084,13.651308499659235,12.5573,6.40777490937668,2.0441673157433553,0.8991091422451563,0.009444065816376204,0.2636889953707464,high_rpm
114,42206,12.676563656826044,11.2608,6.467118451762502,2.2484767568592146,0.9117897929204378,0.004714969435625266,0.25343321466621627,high_rpm
116,2384,8.22755985738255,6.8095,5.634302975181833,4.406384228187919,0.7881711409395973,0.009228187919463088,0.10057844598190527,mid_rpm
117,696,4.445576867816092,3.7069,2.6689522426884866,12.758189655172416,0.9956896551724138,0.0028735632183908046,0.0,low_rpm
119,636,6.2426069182389945,4.9231,3.545457951009609,7.577154088050314,0.9622641509433962,0.0031446540880503146,0.01604575163398693,mid_rpm
121,445,5.190217752808989,4.1414,3.3405694040080873,8.438516853932583,0.9820224719101124,0.0,0.009438443935926773,low_rpm
122,217,5.162235944700461,3.6434,5.48554484502292,10.676912442396313,0.9953917050691244,0.0,0.001665277777777778,low_rpm
123,699,7.278920314735336,6.0465,4.837466864714269,5.94032904148784,0.9899856938483548,0.0,0.00039841040462427747,mid_rpm
124,308,7.60603051948052,5.0909,7.230764323846643,7.8325649350649345,0.9415584415584416,0.06493506493506493,0.017706206896551724,mid_rpm
125,14171,12.632279401594808,11.1765,6.739207901440926,2.580376120245572,0.9050878554795004,0.025686260673205844,0.2565142912833307,high_rpm
126,338,5.485158284023669,4.5464,4.1835381076081415,8.37,0.9704142011834319,0.0,0.00879451219512195,low_rpm
127,597,6.952773031825796,5.4167,5.426624476438512,6.047621440536013,0.9229480737018425,0.005025125628140704,0.016130852994555352,mid_rpm
129,1237,16.486063783346808,6.087,18.737521091383652,5.308318512530316,0.8504446240905417,0.3039611964430073,0.09547690114068441,high_rpm
130,1235,5.740546477732793,4.4156,4.488149148167995,9.310518218623482,0.9271255060728745,0.02348178137651822,0.03413074235807861,low_rpm
131,305,5.716274098360656,3.8793,6.364891358228919,9.294655737704918,0.9770491803278688,0.003278688524590164,0.0029587248322147652,low_rpm
132,139239,4.794712602072695,4.4622,3.0116826516777744,15.159264717500125,0.7202651555957742,1.0,0.19338493055070846,low_rpm
133,430,7.524866744186046,6.0,5.9491918210675045,5.691976744186047,0.9813953488372092,0.002325581395348837,0.012432938388625591,mid_rpm
134,462,10.175973376623375,5.8537,8.900958048893484,6.965519480519481,0.9004329004329005,0.3354978354978355,0.07313389423076923,high_rpm
135,280,5.736665357142857,4.01085,6.569932357102007,8.70582142857143,0.975,0.010714285714285714,0.0119014652014652,low_rpm
136,425,5.20080211764706,4.3836,2.79145721353903,8.229223529411765,0.9835294117647059,0.0,0.004635406698564593,low_rpm
137,29117,12.758029639042483,11.5179,6.985856278491716,2.4989380774118213,0.857505924374077,0.010818422227564652,0.2399121395386094,high_rpm
138,101494,6.256814976254754,5.8544,2.2831830080747983,9.675215086606105,0.8922005241689164,1.0,0.24465652932536744,mid_rpm
139,340,4.828940882352941,3.7619499999999997,3.499730523128659,11.466088235294118,0.9823529411764705,0.0029411764705882353,0.0019116766467065867,low_rpm
140,59033,12.458468910609321,11.3584,6.1342999946161685,2.383284264733285,0.8782375959209255,0.013873596124201719,0.25075206287973767,high_rpm
141,71620,13.881064420552919,12.4444,6.9955584632297025,1.8826380899190172,0.881541468863446,0.01345992739458252,0.26373513367967566,high_rpm
142,102573,12.559960264397063,11.1376,5.981210423816531,2.1173389683444963,0.879734433037934,0.013609819348171546,0.2666368928488314,high_rpm
143,31463,12.503987623557832,11.0833,5.997863697552693,2.09181069828052,0.882179067476083,0.0134443632202905,0.2594445092952875,high_rpm
144,29606,12.56214367357968,10.86475,6.966883797238928,2.4236208876579073,0.895257718030129,0.007262041478078768,0.24576055083946424,high_rpm
145,2064,10.101420397286821,7.25545,8.841149153471333,6.7238953488372095,0.8246124031007752,0.3367248062015504,0.14830640423031727,high_rpm
146,1342,9.671247988077496,8.14235,6.490368092940225,3.792868852459016,0.7250372578241431,0.12816691505216096,0.18247101747173688,mid_rpm
147,328,5.920275609756097,5.0,5.042725285561552,7.455396341463414,0.975609756097561,0.0,0.0020103125,low_rpm
148,31965,11.45850177381511,9.7222,6.593877202115924,2.837337400281558,0.9012670107930549,0.013452213358360707,0.23588924988718804,high_rpm
149,451,7.68210709534368,5.6818,7.460230859879949,6.32669623059867,0.9955654101995566,0.0,0.0015919821826280627,mid_rpm
150,316,6.250420253164557,4.776949999999999,4.926419478433933,8.309746835443038,0.9873417721518988,0.0,0.0009980769230769231,mid_rpm
151,22740,10.85058189533861,9.7576,4.831596805751834,2.2748421284080917,0.8427000879507476,0.014819700967458223,0.24949275165683868,high_rpm
152,1850,8.569910108108107,7.59635,5.148940722086149,3.8369243243243245,0.7794594594594595,0.008108108108108109,0.14020270457697642,mid_rpm
153,122,5.529261475409836,4.5902,3.991977788458362,8.160491803278688,0.9426229508196722,0.00819672131147541,0.009398260869565217,low_rpm
155,824,6.999078398058253,5.69805,5.043371073753798,6.281723300970874,0.9902912621359223,0.006067961165048544,0.002960906862745098,mid_rpm
157,519,8.702139884393064,6.5873,7.394375161956648,6.697533718689788,0.9267822736030829,0.14258188824662812,0.1113918918918919,mid_rpm
158,28152,11.907977394146064,10.9122,5.523791047540916,2.522087240693379,0.9211423699914748,0.015167661267405513,0.24920192426345827,high_rpm
159,829,7.161380699638118,5.625,5.048127976018425,6.190856453558505,0.9517490952955368,0.0024125452352231603,0.0059020278833967045,mid_rpm
160,290,7.314828965517242,5.16475,6.453334061592313,7.6064827586206905,0.9241379310344827,0.23448275862068965,0.04765559701492537,mid_rpm
161,138106,15.024085372829566,12.9615,8.487186843648352,2.2954272080865423,0.8817068049179616,0.035653773188710124,0.25897832289006234,high_rpm
162,105997,14.373444597488607,12.4597,8.064566626321612,2.276768776474806,0.8894213987188316,0.029963112163551797,0.25933559442488013,high_rpm
163,86518,14.45943386000601,12.68915,7.858086669721089,2.3344601123465636,0.8750086687163365,0.03734482997757692,0.2626786048293353,high_rpm
164,58204,14.599795572469246,12.6068,8.334544535889968,2.341592674043021,0.8774139234416879,0.03181911896089616,0.2562891558479704,high_rpm
165,857,7.862157176196033,5.814,7.170776882543975,5.819964994165694,0.9964994165694282,0.0011668611435239206,0.0005558548009367681,mid_rpm
166,14591,9.554723082722226,8.8517,4.081352624815119,2.8783078610102115,0.842916866561579,0.01836748680693578,0.22793792178225872,mid_rpm
167,756,5.86831507936508,4.8687,3.5933785795226627,6.996216931216932,0.9761904761904762,0.0,9.539295392953931e-05,low_rpm
168,1010,7.268103663366337,5.54375,5.105494245358809,6.210782178217822,0.904950495049505,0.0049504950495049506,0.014412800875273522,mid_rpm
169,569,6.591867662565905,4.9254,6.958522444388471,7.321282952548331,0.9701230228471002,0.0017574692442882249,0.00046358695652173914,mid_rpm
170,80094,14.222104233775315,12.3947,8.017835844506365,2.306148525482558,0.8823632232127251,0.025919544535171174,0.25452954635499203,high_rpm
171,149,5.559268456375839,4.0845,7.109092477767062,8.806778523489934,0.9664429530201343,0.020134228187919462,0.0021868055555555556,low_rpm
173,140,6.498425,4.6154,9.233817019837751,7.495,0.95,0.02857142857142857,0.020253383458646614,mid_rpm
174,500,5.5202659999999995,4.177849999999999,4.30143448936941,9.182120000000001,0.974,0.002,0.0005018480492813142,low_rpm
177,1283,6.762249337490257,5.3191,5.939831342466527,6.478869836321122,0.9961028838659393,0.002338269680436477,0.0019330985915492957,mid_rpm
178,198,9.329777272727274,6.8660499999999995,8.91814627064435,5.505959595959596,0.98989898989899,0.005050505050505051,0.0016714285714285715,mid_rpm
179,668,7.9873799401197605,6.48565,6.154006985802515,5.05127245508982,0.7260479041916168,0.029940119760479042,0.07710288659793814,mid_rpm
180,203,8.352265024630542,5.2941,6.861871508958314,7.710147783251232,0.9408866995073891,0.23645320197044334,0.04054502617801047,mid_rpm
181,1577,7.910064172479392,6.5,5.5420809987567194,4.948890298034242,0.9188332276474318,0.0031705770450221942,0.06382539682539683,mid_rpm
182,737,5.01424355495251,4.0,4.768266749494706,9.05921302578019,0.9905020352781547,0.0013568521031207597,0.0006227397260273972,low_rpm
183,152,5.0605223684210525,3.8542,5.1686571821555995,10.117302631578946,1.0,0.0,0.0007953947368421052,low_rpm
185,399,5.886950626566416,4.2424,5.210662941916766,8.643709273182958,0.9874686716791979,0.0,0.0030730964467005073,low_rpm
186,99230,14.023655033759953,12.3512,7.618371298649154,2.3549235110349693,0.8722563740804192,0.013362894286002217,0.24949376458626984,high_rpm
188,2194,8.038839881494987,6.10025,7.104980490444313,5.518500455788514,0.9886052871467639,0.00045578851412944393,0.003841124942369756,mid_rpm
189,528,8.592155681818182,6.790850000000001,6.541137093896147,4.7732386363636365,0.9412878787878788,0.001893939393939394,0.0676682092555332,mid_rpm
190,141,8.429670921985815,7.2685,5.715715780979154,4.642482269503546,0.9148936170212766,0.014184397163120567,0.09324418604651162,mid_rpm
191,557,4.75792513464991,3.6735,4.028897934613457,10.749210053859965,0.9874326750448833,0.0017953321364452424,0.0010690909090909093,low_rpm
192,130,4.9889192307692305,4.05145,3.29506732533108,8.734846153846153,0.9769230769230769,0.023076923076923078,0.014677165354330708,low_rpm
193,597,8.020278056951424,6.1604,6.591839141398862,5.376365159128978,0.8006700167504187,0.05025125628140704,0.07627280334728033,mid_rpm
194,153,11.0176,6.5116,9.78550462674256,6.215686274509804,0.8627450980392157,0.1503267973856209,0.17436439393939396,high_rpm
195,504,7.09387619047619,5.70695,6.094198074154332,7.747301587301587,0.8888888888888888,0.08134920634920635,0.06313013392857143,mid_rpm
196,516,6.614839534883721,4.8148,5.383708546792154,7.33858527131783,0.9418604651162791,0.12596899224806202,0.03381810699588478,mid_rpm
197,763,8.662443119266054,4.6667,9.735530412140392,8.079187418086502,0.9619921363040629,0.1874180865006553,0.03389509536784741,mid_rpm
198,366,6.702374863387978,5.3571,4.651557639325689,5.838469945355191,0.9781420765027322,0.00273224043715847,0.025344972067039104,mid_rpm
200,293,4.866166552901024,3.8636,5.254895473300663,9.433276450511945,0.9829351535836177,0.0,0.004729513888888889,low_rpm
201,205,4.6216848780487805,3.9583,3.3848380265379996,12.093853658536585,0.9902439024390244,0.0,0.0023137931034482757,low_rpm
202,311,7.1842263665594865,5.9574,4.99790689778386,6.312861736334405,0.9260450160771704,0.05466237942122187,0.03778576388888889,mid_rpm
203,256,4.779873828125,3.6245,5.580474520766148,12.8943359375,0.94140625,0.0078125,0.009712033195020746,low_rpm
205,821,4.957271010962241,3.7398,3.3828005812275905,10.523288672350793,0.9926918392204629,0.008526187576126675,0.0015803680981595093,low_rpm
207,101,17.37389405940594,10.5991,16.776715285018234,5.331584158415842,0.7821782178217822,0.24752475247524752,0.14703037974683544,high_rpm
208,331,4.872332024169184,4.086,2.7649439752779603,9.028277945619335,0.9788519637462235,0.0030211480362537764,0.007160493827160493,low_rpm
209,4917,9.569871913768559,7.3201,6.385121439582194,4.265932479153956,0.8966849705104739,0.023184868822452714,0.2207141301882513,mid_rpm
210,854,7.476869789227166,5.1433,6.4307413877125885,7.558430913348945,0.9953161592505855,0.00117096018735363,0.0002732941176470588,mid_rpm
211,23389,12.988694540168455,11.375,7.014865887877436,2.415236222155714,0.8991406216597546,0.012655521826499637,0.24677800285306703,high_rpm
212,322,5.590289440993789,4.4073,3.879172339271586,7.650496894409938,0.9813664596273292,0.0,0.001868354430379747,low_rpm
213,948,5.01683924050633,4.3421,2.9634581128917694,8.280210970464136,0.990506329113924,0.0010548523206751054,0.0015427050053248138,low_rpm
215,822,5.57117700729927,4.275550000000001,3.7691856006019324,10.733759124087591,0.9610705596107056,0.014598540145985401,0.043838734177215184,low_rpm
216,1212,13.905242491749176,5.5381,14.803366727660073,7.609686468646865,0.905940594059406,0.33910891089108913,0.06963506375227686,high_rpm
217,290,8.776644482758622,6.44515,6.88363905108784,5.226413793103449,0.9137931034482759,0.020689655172413793,0.03126415094339623,mid_rpm
218,659,5.4192,4.0,4.341133870578014,9.70855842185129,0.9848254931714719,0.01669195751138088,0.002529121725731895,low_rpm
219,611,6.989887888707037,4.5764,9.385557584553398,12.479214402618659,0.8887070376432079,0.05237315875613748,0.0833841620626151,mid_rpm
220,432,5.750357175925926,4.3308,5.773392717761218,8.147523148148148,0.9791666666666666,0.0023148148148148147,0.005722458628841607,low_rpm
222,1060,6.517113584905661,5.0,4.786582797507831,6.9904339622641505,0.9990566037735849,0.0,0.0005948064211520303,mid_rpm
223,816,13.04924399509804,7.2677499999999995,13.69939646313113,5.310698529411765,0.7977941176470589,0.17769607843137256,0.13226451612903226,high_rpm
224,3081,11.758723563777995,10.8333,5.866595220159453,2.6272314183706587,0.8474521259331386,0.020123336579032782,0.23931911145155113,high_rpm
225,1763,7.2529241066364145,5.5102,6.275098410847918,5.6969256948383435,0.9892229154849688,0.0017016449234259785,0.003880389908256881,mid_rpm
226,3046,9.187741070256074,7.26815,7.291286364289423,6.367787261982928,0.7856204858831254,0.31680892974392644,0.14534596740493105,mid_rpm
227,448,7.222818303571429,5.44655,6.648697946818694,6.627209821428571,0.9866071428571429,0.002232142857142857,0.0006694570135746606,mid_rpm
228,754,6.1891088859416445,5.1042000000000005,4.241610055069916,7.2381034482758615,0.9748010610079576,0.006631299734748011,0.014683945578231293,mid_rpm
229,50962,14.53507833483772,12.625,8.003694208824642,2.028628389780621,0.8754562222832699,0.01932812683960598,0.2627900728454556,high_rpm
230,92610,14.076361761148902,12.0902,8.513220949960035,2.983909405031854,0.8459345643019113,0.0686642911132707,0.25856000995634526,high_rpm
231,38982,11.760351770047714,9.908,7.046909797641262,3.089477707659946,0.9112154327638398,0.015186496331640244,0.2418799076602573,high_rpm
232,4374,9.959397690900778,8.12825,6.955001708375733,3.9817078189300417,0.9016918152720622,0.011202560585276635,0.1781926470588235,mid_rpm
233,30203,13.398853882064696,11.7623,7.5690875654345415,2.5948597821408472,0.8703771148561401,0.04744561798496838,0.25321881847230676,high_rpm
234,79183,14.177353737544676,12.8214,6.993983084299488,2.0380648624073348,0.9019360216208024,0.012490054683454783,0.2598137010277521,high_rpm
235,838,6.080762529832936,4.78565,4.914790893089937,7.66272076372315,0.9809069212410502,0.0011933174224343676,0.0015333333333333334,low_rpm
236,147761,13.476177789809219,12.1023,6.361348122904011,1.8662597708461635,0.9012391632433456,0.011620116268839544,0.2646448673855581,high_rpm
237,173985,14.703063197402075,13.2778,6.922846566917731,1.7371240624191742,0.8880765583239935,0.011012443601459896,0.26945461258672465,high_rpm
238,57826,11.82288983848096,10.6612,5.5390646311476095,2.1294063224155226,0.8830975685677723,0.015927091619686647,0.26108554615595503,high_rpm
239,82848,12.277185503572808,11.08085,5.590476881323577,2.064614716106605,0.8926347045191193,0.01621040942448822,0.26932303625275517,high_rpm
241,517,5.328843520309477,4.2308,3.680595545400142,8.958626692456479,0.9903288201160542,0.0,0.00309375,low_rpm
242,581,6.476649053356283,4.8148,5.469626305162366,7.107022375215147,0.9827882960413081,0.0,0.002611033274956217,mid_rpm
243,985,7.2584771573604066,5.3586,6.345907145198691,6.0000812182741114,0.868020304568528,0.003045685279187817,0.04026233918128655,mid_rpm
244,2821,7.712554626019142,6.0545,6.365450086581715,5.197993619283942,0.8085785182559376,0.007444168734491315,0.08414669004822446,mid_rpm
246,52686,12.493018390084652,11.12045,6.09312064860811,2.3930573586911135,0.8974869984436094,0.010287362866795734,0.247280355292376,high_rpm
247,902,7.0950470066518845,5.4789,4.956925823463529,6.715033259423503,0.9201773835920177,0.007760532150776054,0.04105012048192771,mid_rpm
248,358,5.1967156424581,4.2667,3.9188190945887227,8.245,0.9860335195530726,0.002793296089385475,0.005744475920679887,low_rpm
249,63317,12.778283802138446,11.5845,6.223659569429743,2.1730868487136155,0.9176366536633132,0.005354012350553564,0.25685131320780696,high_rpm
250,396,4.82033005050505,4.07,2.7891915267859755,8.862323232323233,0.9722222222222222,0.0025252525252525255,0.001216103896103896,low_rpm
252,111,5.987442342342342,4.0206,6.730520169058251,9.418648648648649,0.954954954954955,0.009009009009009009,0.010700943396226415,low_rpm
254,708,5.0356580508474575,3.88295,3.8121656119462375,9.92066384180791,0.9887005649717514,0.002824858757062147,0.001432857142857143,low_rpm
255,1391,8.607073040977713,7.1767,5.138424050094462,3.9481883537023728,0.9158878504672897,0.010064701653486701,0.19928163265306123,mid_rpm
256,1048,8.750875477099235,7.30995,6.933936045729387,4.683807251908397,0.8845419847328244,0.06965648854961833,0.1532329018338727,mid_rpm
257,222,6.84685,5.55665,5.3692443538190835,6.093558558558558,0.972972972972973,0.0,0.028907870370370372,mid_rpm
258,370,6.530217837837839,4.57385,6.47803989373142,7.890621621621622,0.972972972972973,0.043243243243243246,0.010003888888888889,mid_rpm
259,385,4.622240779220779,3.6054,3.8845510967692096,11.258727272727272,0.9922077922077922,0.0025974025974025974,1.701570680628272e-05,low_rpm
260,803,10.395697384806974,7.534,8.039058486276,5.1913947696139475,0.7733499377334994,0.1706102117061021,0.13310547504025766,high_rpm
261,12383,10.053175983202777,8.1678,6.355515818075048,4.119611564241299,0.8643301300169587,0.03795526124525559,0.23001653741941513,mid_rpm
262,40142,12.022872313287827,10.9091,5.906903451937642,2.3026249314931992,0.8936276219421055,0.025883114941956057,0.2572469028768956,high_rpm
263,55476,12.677214728891773,11.16115,6.395162481043548,2.0722368231307233,0.8853918811738409,0.016764006056673157,0.2642669164053911,high_rpm
264,4090,10.847305305623472,9.0363,7.737955511575287,4.975036674816626,0.8635696821515892,0.06797066014669927,0.24233233295583237,high_rpm
265,429,14.616952447552448,8.1818,16.2963209567955,10.254265734265735,0.7692307692307693,0.3123543123543124,0.13446818181818182,high_rpm
