PULocationID,trip_count,avg_rpm,median_rpm,std_rpm,avg_revenue,avg_dist,cc_rate,airport_rate,cbd_rate,avg_tip_rate,rpm_cv
3,229,6.199753849707356,4.090909090909091,7.529868367232552,38.86685589519651,9.28890829694323,0.9912663755458515,0.0,0.0,0.0020013649353055286,1.2145431173187595
4,4924,11.02887918337479,9.722222222222221,6.255363565228108,22.70798334687246,2.972156783103168,0.9110479285134038,0.002843216896831844,0.8980503655564581,0.2098527259294621,0.5671803508970884
7,1646,8.524884360651082,7.141864756322587,5.479443295354996,27.061330498177398,4.366609963547995,0.6931956257594167,0.001215066828675577,0.1865127582017011,0.11707555020507691,0.6427586655188959
10,1285,6.1809385218698525,5.243261012491782,5.778401186633703,63.12371206225681,11.94942412451362,0.8863813229571984,0.28715953307392994,0.29027237354085605,0.1173078685222603,0.9348743991204794
11,229,6.708056383615348,5.0,5.6431562463048826,36.27139737991266,8.05410480349345,1.0,0.004366812227074236,0.004366812227074236,0.00101621958827199,0.8412505685087084
12,707,9.418539801498424,7.176966292134831,6.646345441419918,29.90876944837341,4.285473833097595,0.8302687411598303,0.005657708628005658,0.9900990099009901,0.22025075874338443,0.705666226559082
13,16312,9.631524767627146,7.883708929179434,6.202453534130858,28.57188940657185,4.104880456105934,0.9154610102991663,0.015939185875429134,0.9748651299656694,0.24043833683887403,0.6439742080068299
14,1069,6.1328982548234965,4.647887323943662,5.498571892855812,34.834536950420954,7.956753975678204,0.9887745556594949,0.0009354536950420954,0.0037418147801683817,0.006889071501805411,0.8965698865998976
16,166,4.893172816352091,3.8527731092436976,2.7274242282600096,40.40512048192771,10.150060240963857,0.9397590361445783,0.0,0.006024096385542169,0.016853909426853723,0.5573938077857082
17,1362,7.781408942828773,5.853658536585367,6.1720405626844554,27.429464023494862,5.294287812041116,0.973568281938326,0.0022026431718061676,0.00881057268722467,0.013994574499716993,0.7931777661386776
18,566,5.3390571634140205,4.175824175824176,4.45450408992452,37.60583038869258,9.02409893992933,0.9929328621908127,0.0,0.0,0.0014259404620431144,0.8343241050965112
19,175,4.965177196482257,3.7719298245614032,3.8496654584196714,45.657714285714285,10.907942857142858,0.9257142857142857,0.0,0.0,0.01633981901877081,0.7753329450451625
20,297,5.51016588956961,4.186046511627907,4.3883548890731205,36.09983164983165,8.517205387205388,0.9730639730639731,0.0,0.010101010101010102,0.0046156824622826595,0.7964106665790216
21,507,6.97284511068761,5.2,5.694252566470098,32.89132149901381,6.979644970414201,0.9940828402366864,0.0,0.0,0.0,0.8166325905823216
22,563,7.704161313444742,5.531914893617021,6.9994052685710075,33.23570159857904,7.037371225577265,0.9946714031971581,0.0,0.0,0.0009727049132734281,0.9085226780436378
24,7361,10.103392047059378,9.318181818181818,4.302832369491384,19.452429017796494,2.5441801385681293,0.8405108001630214,0.010188833038989268,0.17850835484309197,0.24308231854335072,0.4258799766899806
25,1730,8.457025487652398,6.656504819530544,6.556216944230152,26.915913294797686,4.83320809248555,0.9080924855491329,0.002890173410404624,0.11098265895953757,0.15673076443759876,0.7752391137761729
26,751,7.835830604792923,5.897435897435898,7.157184396433483,29.322636484687084,5.685565912117177,0.9906790945406125,0.0,0.002663115845539281,0.0005475822086296841,0.9133919245339054
28,424,6.670238653560155,4.417184265010352,6.6328716307540025,48.44872641509434,9.401462264150943,0.910377358490566,0.11084905660377359,0.09433962264150944,0.06534461379936268,0.9943979481474463
29,522,6.332632028336448,4.324324324324324,5.397096589980255,38.95565134099616,8.963793103448277,0.9923371647509579,0.0,0.0019157088122605363,0.0016341855218789552,0.8522675193868869
32,377,4.977724900443922,4.0,2.6332259028147154,38.714058355437665,9.543209549071618,1.0,0.0,0.0,0.002935483022904101,0.5290018945361724
33,1762,7.928454662614372,6.561901340996169,5.626715543705704,29.365442678774123,5.155323496027242,0.8910329171396141,0.0028376844494892167,0.24687854710556187,0.12624598648009888,0.7096862860599774
34,136,9.89676252730902,7.284811792576994,9.583008881850724,33.22205882352941,4.830808823529412,0.8676470588235294,0.007352941176470588,0.27205882352941174,0.17634147442710443,0.9682973452588634
35,1996,7.473827888312641,5.555555555555555,6.3879555063281535,30.14687875751503,6.181472945891783,0.998997995991984,0.0,0.0,0.0005318401017877006,0.854710009621369
36,515,7.44254041049941,5.9523809523809526,5.023533492812346,28.556446601941747,5.390815533980582,0.9495145631067962,0.0,0.05048543689320388,0.040619275604359455,0.6749756421510994
37,1390,7.248066058586058,5.6521739130434785,5.752235242071406,28.30379856115108,5.470913669064748,0.9726618705035971,0.0,0.029496402877697843,0.018962471789024,0.7936234570126894
38,267,5.385160353036105,3.7142857142857144,7.60932617689969,48.816292134831464,12.463632958801497,0.9625468164794008,0.00749063670411985,0.018726591760299626,0.0038487577031076333,1.4130175664332112
39,2317,6.949358212877337,5.2592592592592595,5.383009924419849,34.13173500215796,7.001829952524816,0.9969788519637462,0.00043159257660768235,0.00043159257660768235,0.0012626379331325825,0.7746053318197059
40,344,9.221035929364497,7.384121370067014,6.671143387579775,24.60563953488372,4.224883720930232,0.8459302325581395,0.0,0.11627906976744186,0.11490880906154313,0.7234700568008244
41,8148,9.590905811573865,8.722167243938644,5.731736557350825,20.856089837997057,3.2648809523809526,0.7658321060382917,0.006136475208640157,0.10395189003436427,0.15037125735640172,0.5976220254852287
42,5098,8.711400990859978,7.0,7.215779304573648,25.250988622989407,4.678728913299333,0.8322871714397803,0.003530796390741467,0.03079639074146724,0.04478423171639389,0.8283144481748067
43,47392,12.725425047087716,11.481891183218618,5.849616835289564,20.61883208136394,2.103337694125591,0.8796843349088453,0.0057604659014179604,0.581216239027684,0.2593953200202134,0.4596794852544655
45,5204,11.478120310303616,9.728286045165024,7.309051353763205,25.664056495003845,3.398305149884704,0.8489623366641046,0.007878554957724828,0.9083397386625672,0.2213102006658816,0.6367812112234139
47,560,5.952333192984263,4.468085106382978,5.510072026771384,35.31785714285714,8.096357142857142,0.9785714285714285,0.0,0.0,0.011796131018211309,0.9256995279205554
48,67278,13.430297510991034,11.499999999999998,7.888975743333469,21.95833244151134,2.4633111864205235,0.8559410208389072,0.013184101786616725,0.9888522250958709,0.26477914201571906,0.5874014136229908
49,1266,7.716022921573326,5.5813953488372094,7.114244221452447,28.499976303317535,5.602598736176936,0.9684044233807267,0.002369668246445498,0.022906793048973143,0.022842969216343694,0.9220092130055293
50,14842,12.394605036435111,10.905797101449275,6.71453363987914,21.67739455598976,2.531259938013745,0.8635628621479585,0.00956744374073575,0.9541840722274626,0.2523491242081495,0.5417303431727865
51,995,4.872290317942963,3.7704918032786887,4.468567720304988,42.4648743718593,10.879356783919597,0.9809045226130654,0.0,0.003015075376884422,0.0015219636320219364,0.9171390513920724
52,508,9.309773646548622,7.231481481481481,5.717209893178459,25.137106299212597,4.101062992125985,0.860236220472441,0.0,0.23818897637795275,0.15423202662320568,0.614108367210193
53,149,5.216789683703984,4.266666666666667,3.612936329764026,38.670805369127514,8.805503355704698,0.9395973154362416,0.053691275167785234,0.16778523489932887,0.05491839348687538,0.6925593226520101
55,1472,5.349057545374277,4.0476190476190474,4.364294185877006,41.154347826086955,10.068254076086957,0.9993206521739131,0.0006793478260869565,0.002717391304347826,0.0023563514101246886,0.8158996512668166
56,528,5.43751815022067,4.305555555555555,3.490668180495496,37.7542803030303,8.013920454545456,0.9772727272727273,0.05303030303030303,0.05303030303030303,0.014580925654748318,0.6419598213853934
60,333,5.598240218989335,4.415584415584416,3.983078002502456,35.269129129129134,8.215495495495496,0.972972972972973,0.0,0.003003003003003003,0.0,0.7114875115561817
61,3268,7.677387511412319,5.833333333333334,6.55382450860648,28.53778457772338,5.61251223990208,0.9862301101591188,0.0015299877600979193,0.005201958384332925,0.004899385869615497,0.853652951458334
62,1011,7.581537728627134,5.853658536585367,6.441449812842253,27.935361028684472,5.4036003956478735,0.9920870425321464,0.0,0.004945598417408506,0.005638256141979512,0.8496231296877911
63,646,6.146044329221837,5.030864197530864,3.985568338539243,33.89659442724459,7.135061919504644,0.9922600619195047,0.0030959752321981426,0.009287925696594427,0.005978076590103089,0.6484769918741968
65,2146,8.06100931552317,6.6305290238217065,6.216075885533727,30.866654240447343,5.50076421248835,0.8462255358807083,0.008853681267474371,0.2847157502329916,0.146951745292583,0.7711287311830002
66,1494,7.863174619892942,7.040447637851219,3.590889283709684,29.686713520749663,4.688219544846051,0.8607764390896921,0.00535475234270415,0.45515394912985274,0.18195332833287106,0.45667169524954215
67,251,7.430692751334478,5.2,5.908835433655943,32.80517928286853,6.781593625498008,0.9920318725099602,0.0,0.0,0.004080886190796065,0.795193077064689
68,76806,13.07216823195155,11.666666666666666,6.771774699897106,23.512938442309196,2.5074108793583836,0.8872874515011848,0.009335208186860402,0.9887378590214306,0.2563696070870018,0.5180299533894649
69,1122,6.536917547707101,5.074626865671641,5.412136527660685,31.887566844919785,6.741916221033868,0.9598930481283422,0.0,0.004456327985739751,0.0011099244641590903,0.8279340359064272
70,7847,6.341083370646115,5.7794457274826785,4.1517028977757295,55.73443099273608,9.518363705874858,0.8884924174843889,0.854211800688161,0.5165031222123104,0.2371883722902076,0.6547308488317034
71,1453,8.07358163700376,5.9523809523809526,7.090551866982476,28.938499655884378,5.679139710942877,0.9986235375086029,0.0,0.0013764624913971094,0.0007699071391367709,0.8782411804055154
72,1644,7.890292898048189,5.813953488372094,7.022659578290169,28.83670316301703,5.68360097323601,0.9975669099756691,0.0,0.0012165450121654502,0.0008657185486870728,0.8900378818671426
74,7310,9.241245079974021,8.270042194092827,5.78719545865897,21.606424076607386,3.3736292749658,0.771545827633379,0.007797537619699042,0.06320109439124487,0.13603140899662344,0.6262354702831059
75,19630,10.533389933622223,9.607843137254903,5.541420317208491,20.499619969434537,2.801467651553744,0.8234335201222619,0.0065206316861946,0.1674477840040754,0.2057414775113799,0.5260813804604789
76,3618,6.708648571685699,5.090909090909091,5.270706477257651,32.909839690436705,6.8897208402432275,0.9958540630182421,0.0013819789939192924,0.001658374792703151,0.001201134831680836,0.7856584557884014
77,985,6.642742711723992,5.0,5.401079288339969,33.329340101522845,7.108304568527919,0.9969543147208122,0.0,0.0,0.0012093648681789106,0.813079705587186
78,630,5.523805618845258,4.404158215010142,4.277823965211809,35.1865873015873,8.213111111111111,0.9825396825396825,0.0015873015873015873,0.004761904761904762,0.00037009839917755914,0.7744341963477854
79,64973,12.346713744705268,11.013986013986015,6.4054855780128985,20.968261893401873,2.3389169347267327,0.9012666800055408,0.0049866867775845355,0.9931663921936804,0.25138396408822766,0.5188008493968534
80,1010,8.991755933327052,6.434394409937889,9.514079759061877,32.85526732673267,5.28970297029703,0.9207920792079208,0.015841584158415842,0.1306930693069307,0.6290065262527006,1.0580891907662755
81,435,4.688856400873503,3.726708074534161,3.525263937697846,41.07310344827586,10.701954022988506,0.9839080459770115,0.0,0.0,0.0006210812729208565,0.7518387504981199
82,748,7.0850783371993575,5.086232530478739,5.14550111140271,34.296417112299466,6.2900935828877005,0.8743315508021391,0.0481283422459893,0.07754010695187166,0.05567073007257054,0.7262447733833612
83,339,11.704312550728027,8.03370786516854,9.34464820854488,46.39946902654867,5.54646017699115,0.8495575221238938,0.02064896755162242,0.07669616519174041,0.11788192163942986,0.7983935979190532
85,693,8.616369640418627,6.153846153846154,8.335731572433739,28.512121212121215,5.54995670995671,0.9927849927849928,0.001443001443001443,0.0,0.0008541888635650086,0.9674296624104379
86,593,4.721560262929808,3.5294117647058822,4.823756764156825,47.69443507588533,12.734991568296797,0.9966273187183811,0.0,0.0,0.0017877306788137033,1.0216446461627078
87,15857,9.56214727632833,7.325783972125435,6.442077195977944,28.403097685564735,4.220195497256732,0.900990099009901,0.013937062496058522,0.9646213028946207,0.22478350900680694,0.6737061258118973
88,9001,8.876542969009305,6.939024390243904,5.9480405383001855,30.129616709254528,4.620844350627708,0.8699033440728808,0.007665814909454505,0.9341184312854127,0.21722902895066484,0.6700852526785025
89,2114,7.575399464681629,5.714285714285714,6.951665344546542,30.255473036896877,6.1498770104068115,0.988647114474929,0.0004730368968779565,0.003784295175023652,0.0032806976216938695,0.9176632040273138
90,45562,14.366710177103926,13.072033898305087,7.221064525805908,20.659187041833107,2.071203195645494,0.8941222948948685,0.00906457135332075,0.9877090557921074,0.26613901584387933,0.5026247788664967
91,1712,7.19197514461932,5.429255711127487,6.036676994489029,30.574357476635516,6.273942757009346,0.9947429906542056,0.0,0.0011682242990654205,0.00018108005563638373,0.8393628833666607
92,556,5.404518178942144,4.157303370786517,4.212427495864779,37.49217625899281,8.804208633093525,0.9586330935251799,0.0017985611510791368,0.008992805755395683,0.007925688345227876,0.7794270194663867
93,571,8.80046183107909,7.264334305150633,7.002902394550761,66.04956217162872,9.001541155866901,0.8248686514886164,0.26970227670753066,0.26444833625218916,0.18303028954735873,0.7957426018052604
94,235,5.368946757840531,4.1558441558441555,3.2536087647446363,36.561914893617015,8.895063829787235,0.9744680851063829,0.0,0.00425531914893617,0.002475103467809514,0.6060050344126127
95,991,6.49600619176619,4.477611940298507,5.579765740214811,36.63167507568113,7.368869828456105,0.9334006054490414,0.008072653884964682,0.013118062563067608,0.02392867595144705,0.858953266899171
97,2281,8.210970977266225,6.735197368421053,6.6553751172774165,27.57939500219202,4.938180622533976,0.8939061814993424,0.0008768084173608067,0.13897413415168786,0.08994445900362566,0.8105466619848252
98,129,6.899368153068101,4.077669902912621,9.042194770136541,36.55,8.549302325581394,0.9302325581395349,0.015503875968992248,0.007751937984496124,0.0,1.3105830228983417
100,41043,14.513555756429573,12.701612903225804,8.308391331500923,22.66518042053456,2.4240669541700166,0.8410203932461078,0.01486246132105353,0.9842847745047877,0.2542218652592595,0.5724573268559819
101,127,4.545405738227147,3.5433070866141736,5.509657272924221,43.67165354330709,11.824094488188978,0.937007874015748,0.0,0.0,0.003768682760204589,1.212137615480101
102,228,6.491783668329495,5.308349146110057,3.8084764368879913,36.08078947368421,6.823859649122807,0.9605263157894737,0.021929824561403508,0.017543859649122806,0.03294754098154707,0.5866610212949397
106,305,7.616370938726494,6.267281105990784,4.4738484077383145,27.455016393442627,4.931901639344263,0.9377049180327869,0.0,0.03934426229508197,0.0438488767835073,0.5873989651673098
107,54057,13.460120629792726,12.250000000000002,6.8747741064000385,21.037577187043308,2.2187411436076734,0.8943707567937548,0.009822964648426661,0.9835913942690123,0.2563131970108568,0.5107512997456624
108,483,6.422131583638494,4.647887323943662,5.301244382514153,37.15734989648033,8.410973084886129,1.0,0.0,0.0,0.0,0.8254649275670406
112,774,7.922739641933456,6.666666666666666,5.5522913719438405,26.84136950904393,4.51577519379845,0.9186046511627907,0.0,0.23901808785529716,0.15060840442537737,0.7008044720486191
113,41115,13.654178576838587,12.55952380952381,6.410022684607205,20.646073209291014,2.0434992095342333,0.8991852122096559,0.005594065426243464,0.9942600024322024,0.26510836180802255,0.4694550205664108
114,42251,12.683401666782373,11.267123287671232,6.4774387309180845,21.219161676646706,2.247368582992119,0.9118837423966296,0.003360867198409505,0.9958817542780053,0.255453726998983,0.5107020104773937
116,2386,8.228320779007827,6.8097619047619045,5.6323138017007635,24.783067896060352,4.404346186085499,0.7883487007544007,0.006705783738474434,0.10435875943000839,0.10178309706924643,0.6845034306477182
117,696,4.445579128447413,3.706896551724138,2.668952967332445,49.35057471264368,12.758189655172416,0.9956896551724138,0.0,0.0,0.0,0.6003611431081551
119,636,6.242608330294339,4.923076923076923,3.5454583229758594,36.35361635220126,7.577154088050314,0.9622641509433962,0.0031446540880503146,0.050314465408805034,0.016046020406444025,0.5679450215978376
121,447,5.204274769616643,4.146341463414634,3.3423934914987115,35.37494407158837,8.41,0.9821029082774049,0.0,0.0,0.024707076637850236,0.6422400121938447
122,217,5.162236683631956,3.643410852713178,5.4855465278404045,41.04147465437788,10.676912442396313,0.9953917050691244,0.0,0.009216589861751152,0.001665380658436214,1.0626297986749766
123,699,7.278920240555848,6.046511627906977,4.837468342046509,30.03319027181688,5.94032904148784,0.9899856938483548,0.001430615164520744,0.0,0.0003984117551726001,0.6645859800872196
124,309,7.596914178802705,5.090909090909091,7.220797110023298,41.15990291262136,7.843915857605178,0.941747572815534,0.045307443365695796,0.009708737864077669,0.0237559492470069,0.9504908098305405
125,14192,12.63995013112257,11.179162791785835,6.745603572572808,22.74696237316798,2.579049464487035,0.905228297632469,0.01620631341600902,0.98597801578354,0.2611201594990958,0.5336732742294231
126,339,5.497425402538233,4.552238805970149,4.183442091938047,36.211946902654866,8.348613569321534,0.9705014749262537,0.0029498525073746312,0.02064896755162242,0.013849923120628738,0.7609820571656137
127,597,6.95277379413822,5.416666666666667,5.426625610951434,28.8029648241206,6.047621440536013,0.9229480737018425,0.0016750418760469012,0.006700167504187605,0.01613060052389047,0.7804979381792259
129,1239,16.471173990681333,6.08695652173913,18.72632282240078,43.3845601291364,5.30906376109766,0.8506860371267151,0.0387409200968523,0.062146892655367235,0.10706524374227537,1.1369148812947583
130,1239,5.73934622894541,4.415584415584416,4.481326085883581,42.60010492332526,9.307401129943504,0.927360774818402,0.06133979015334948,0.05972558514931396,0.042960029631319105,0.7808077622644163
131,305,5.716274257585303,3.8793103448275863,6.364890824637743,38.105803278688526,9.294655737704918,0.9770491803278688,0.0,0.0,0.002958631171902299,1.1134684127850842
132,139317,4.795558803911468,4.462209302325582,3.0148111698909417,67.84958418570598,15.155840493263565,0.7204217719302023,0.9835985558115664,0.39301018540450916,0.1947397511010248,0.6286673343327434
133,430,7.524866940428311,6.0,5.949194264770559,28.94313953488372,5.691976744186047,0.9813953488372092,0.0,0.011627906976744186,0.012433317339238593,0.7906045797046259
134,463,10.176360451942912,5.853658536585367,8.891323699088677,53.42708423326134,6.954125269978403,0.9006479481641468,0.032397408207343416,0.019438444924406047,0.08894664213303526,0.8737233455003167
135,282,5.735352369402792,4.022363818090955,6.5468606156799956,36.64042553191489,8.709999999999999,0.975177304964539,0.0035460992907801418,0.0070921985815602835,0.022928122362276312,1.1414923084074962
136,425,5.20080377093919,4.383561643835616,2.7914573881542064,35.279411764705884,8.229223529411765,0.9835294117647059,0.0,0.002352941176470588,0.004635507506408005,0.5367357645278182
137,29153,12.764348416808573,11.5234375,6.992210539806497,21.41038212190855,2.4975854972044043,0.8576818852262202,0.006002812746544095,0.9456659691969952,0.24203467233869488,0.547792203055104
138,101577,6.2599199563963825,5.854838709677419,2.2901621715928266,57.840576606909046,9.671255205410674,0.8922886086417201,0.998887543439952,0.5252665465607371,0.24634044237152092,0.3658452803781844
139,340,4.828941743299002,3.7619220637660096,3.4997318309257253,44.830882352941174,11.466088235294118,0.9823529411764705,0.0029411764705882353,0.011764705882352941,0.0019117193263823266,0.72474095090963
140,59067,12.46391547378935,11.360294117647058,6.142257479068198,20.70872551509303,2.3825740261059476,0.8783076844938799,0.004858889058188159,0.42331589550849036,0.2517847142435536,0.492803203935785
141,71665,13.882598124097273,12.444444444444443,6.996010508893267,18.503981860043258,1.882265122444708,0.881615851531431,0.005762924719179515,0.4747226679690225,0.26483465843487725,0.5039410091940689
142,102672,12.567462933656874,11.13888888888889,5.9913771365328925,19.87133288530466,2.116394343151005,0.8798503973819541,0.006291880941249805,0.5815606981455509,0.26854175942244174,0.47673720369505995
143,31488,12.506288815165538,11.085398816809466,5.998464855101906,19.15344639227642,2.0911937881097558,0.8822726117886179,0.006891514227642276,0.47888084349593496,0.26075159511928847,0.4796358810959147
144,29633,12.574715400188863,10.868644067796613,6.999098298507268,22.367964094084297,2.4222795532008234,0.8953531535787804,0.004319508655890393,0.9938244524685317,0.2476013351982555,0.5566009309763104
145,2070,10.090353446584157,7.2457998707652544,8.830931076116416,49.6754347826087,6.718357487922705,0.8251207729468599,0.0966183574879227,0.16908212560386474,0.1555057631990933,0.8751855049345088
146,1342,9.671249001376006,8.142348087021755,6.490368239464582,29.16688524590164,3.792868852459016,0.7250372578241431,0.010432190760059613,0.356929955290611,0.18247221734978747,0.6710992797870414
147,328,5.920273557756532,5.0,5.042725473383462,33.760060975609754,7.455396341463414,0.975609756097561,0.0,0.0,0.002010260193133047,0.8517723757505533
148,32016,11.467102862637853,9.725806451612902,6.6128193582846,23.12674756371814,2.8356137556221888,0.901424287856072,0.009495252373813094,0.9888180909545228,0.23910923742512086,0.5766774256321103
149,451,7.68210840007753,5.681818181818182,7.460230314065485,30.672838137472286,6.32669623059867,0.9955654101995566,0.0,0.0022172949002217295,0.0015919850727127236,0.9711175533516546
150,317,6.273195587132795,4.777777777777778,4.935299957114934,37.24274447949527,8.285078864353311,0.9873817034700315,0.0031545741324921135,0.0031545741324921135,0.019788439337396303,0.7867282134862695
151,22757,10.853954631969897,9.76,4.83662245595278,18.462643582194488,2.274236938084985,0.8428175945862811,0.007250516324647361,0.17932943709627808,0.2507968115921328,0.44560923828690957
152,1855,8.601697872382017,7.608695652173914,5.302912401832544,22.892927223719674,3.8308625336927222,0.7800539083557951,0.004851752021563342,0.13153638814016172,0.1493800379036865,0.6164960081728655
153,122,5.529261083595474,4.59016393442623,3.9919791569570298,34.527868852459015,8.160491803278688,0.9426229508196722,0.0,0.0,0.009397306499285737,0.7219733517016697
155,824,6.999078372852523,5.698051948051948,5.043370502018766,31.888167475728153,6.281723300970874,0.9902912621359223,0.0024271844660194173,0.0036407766990291263,0.0029607774365458727,0.7205763721093046
157,520,8.699035424679845,6.59138948711813,7.387586713351324,46.05438461538461,6.688615384615384,0.926923076923077,0.04423076923076923,0.19423076923076923,0.11630367611117001,0.8492420541698407
158,28174,11.912438597795553,10.912162162162161,5.542770184765749,22.86570419535742,2.521347696457727,0.9212039469013985,0.008802441967771704,0.9886065166465535,0.25148732581396643,0.465292655174018
159,830,7.164980030942229,5.625,5.046149330587967,30.446024096385543,6.185012048192772,0.9518072289156626,0.0,0.0024096385542168677,0.007463927701548241,0.7042796084282142
160,290,7.314829845837083,5.164740927965337,6.453331903178151,47.07344827586206,7.6064827586206905,0.9241379310344827,0.027586206896551724,0.020689655172413793,0.047654544293657446,0.8822258397235015
161,138223,15.030611171826562,12.961783439490446,8.494092142910441,22.898828776686948,2.294395939894229,0.881806935169979,0.013811015532870796,0.9951744644523705,0.2606657767187762,0.5651195447615465
162,106082,14.37633279614104,12.46031746031746,8.066167782697264,22.225536754586077,2.276013367017967,0.8895100016968006,0.012348937614298373,0.9944571180784676,0.2607969715673996,0.5610726947599891
163,86588,14.465944767374545,12.694444444444443,7.868988729505705,22.44842530142745,2.3333458446897954,0.8751097149720516,0.017000046195777704,0.9950339538966139,0.26444648471989557,0.5439664575004364
164,58269,14.609790557862128,12.610294117647056,8.356100370876279,22.35355746623419,2.3402025090528413,0.8775506701676706,0.017213269491496336,0.9931009627760902,0.2587802117832321,0.5719520986821757
165,857,7.862156240955242,5.813953488372094,7.1707779231883935,29.272753792298715,5.819964994165694,0.9964994165694282,0.0011668611435239206,0.0011668611435239206,0.0005558776947096618,0.9120625059363044
166,14604,9.564611342393357,8.852459016393443,4.122636098720512,20.932992330868252,2.876592029580937,0.8430566967953985,0.010408107367844427,0.17125445083538757,0.2304305129273403,0.43103017479107547
167,756,5.868314813897693,4.8686868686868685,3.5933788139011593,31.951547619047616,6.996216931216932,0.9761904761904762,0.0,0.0013227513227513227,9.542348944616208e-05,0.6123357263300029
168,1012,7.269561428387271,5.543735224586288,5.10240390085803,30.801531620553362,6.21005928853755,0.9051383399209486,0.0,0.017786561264822136,0.019036056280714968,0.7018860698987149
169,569,6.591866571501522,4.925373134328358,6.9585209026984165,33.11344463971881,7.321282952548331,0.9701230228471002,0.0017574692442882249,0.0017574692442882249,0.000463693200392285,1.055622231915622
170,80176,14.227233858703398,12.394957983193278,8.023490786618938,22.120862228098183,2.305092671123528,0.8824835362203153,0.014293554180802234,0.9842845739373378,0.25642392064027364,0.5639529697974727
171,149,5.559265462449863,4.084507042253521,7.1090916492660465,37.54765100671141,8.806778523489934,0.9664429530201343,0.0,0.0,0.0021869119016455357,1.2787825473139403
173,140,6.498428338899759,4.615384615384615,9.233815692804047,35.52914285714286,7.495,0.95,0.014285714285714285,0.04285714285714286,0.020253386840425384,1.4209306021780974
174,500,5.520266446533404,4.177865612648221,4.301435059024402,38.2019,9.182120000000001,0.974,0.0,0.01,0.0005016949604322463,0.7792078698892515
177,1284,6.768936484399905,5.319148936170213,5.942350189131568,31.05768691588785,6.474158878504673,0.9961059190031153,0.000778816199376947,0.002336448598130841,0.002943447923146497,0.8778853521268316
178,199,9.336734226555475,6.875,8.896141087193856,28.59145728643216,5.48251256281407,0.9899497487437185,0.0,0.0,0.00869159330578342,0.9528107870835086
179,669,7.986323635989633,6.486486486486486,6.149460192143111,27.05056801195815,5.04982062780269,0.726457399103139,0.0014947683109118087,0.12406576980568013,0.07941855743472699,0.7699988721257343
180,204,8.334733839973513,5.253441802252817,6.849527067955893,47.119656862745096,7.697401960784314,0.9411764705882353,0.014705882352941176,0.024509803921568627,0.06292615067954511,0.821805134928899
181,1579,7.920261696750572,6.551282051282051,5.5460766804947035,27.490449651678276,4.943147561747941,0.9189360354654845,0.0,0.07726409119696011,0.06779114846099991,0.700239069470404
182,737,5.014241991541122,4.0,4.768266932310923,36.5527815468114,9.05921302578019,0.9905020352781547,0.0,0.0,0.000622781229838723,0.9509447171386719
183,152,5.0605256696278245,3.854166666666667,5.168658044392547,40.50921052631579,10.117302631578946,1.0,0.0,0.0,0.0007955196334245529,1.0213678146943725
185,399,5.88695195616316,4.242424242424242,5.2106624002614055,36.63508771929825,8.643709273182958,0.9874686716791979,0.0,0.0,0.003072711339588326,0.8851205919569746
186,99314,14.026859224688623,12.35655737704918,7.620124127966862,23.34670338522263,2.354102342066577,0.8723644199206557,0.009062166461928832,0.9942807660551383,0.25104295437293955,0.5432523422317314
188,2194,8.038840424001389,6.1002510760401725,7.104981222837526,28.296768459434823,5.518500455788514,0.9886052871467639,0.0,0.0031905195989061076,0.0038411362937763056,0.8838316035761002
189,531,8.613163434983027,6.840000000000001,6.534788101434203,26.35638418079096,4.7517890772128055,0.9416195856873822,0.0,0.07344632768361582,0.07788983935177926,0.7586977944587301
190,141,8.429669309645265,7.268518518518517,5.7157164572864545,27.9645390070922,4.642482269503546,0.9148936170212766,0.0,0.09929078014184398,0.09324038890765976,0.6780475303754213
191,557,4.7579254355250615,3.6734693877551017,4.028897805989948,41.1467684021544,10.749210053859965,0.9874326750448833,0.0,0.005385996409335727,0.0010690939972951344,0.8467761549830465
192,130,4.988919921452386,4.051452020202021,3.2950644454141003,36.167692307692306,8.734846153846153,0.9769230769230769,0.0,0.015384615384615385,0.014676790660682174,0.6604765154167546
193,597,8.020278135921997,6.160409556313993,6.591838399571255,30.421909547738696,5.376365159128978,0.8006700167504187,0.008375209380234505,0.15577889447236182,0.0762724423596892,0.8218964838696918
194,153,11.017602773700078,6.511627906976744,9.785502081900617,46.195882352941176,6.215686274509804,0.8627450980392157,0.20261437908496732,0.13725490196078433,0.17436327996152753,0.8881698027141997
195,505,7.096750043585012,5.714285714285714,6.088493135979502,42.016118811881185,7.734138613861386,0.8891089108910891,0.015841584158415842,0.16435643564356436,0.07003893929134225,0.857926952279106
196,517,6.612737730368026,4.814814814814815,5.378702416373684,41.59170212765957,7.336499032882012,0.941972920696325,0.027079303675048357,0.025145067698259187,0.03995224533671061,0.8133851115359957
197,765,8.654262113044128,4.666666666666667,9.72419658880346,47.31814379084967,8.076313725490197,0.9620915032679739,0.013071895424836602,0.01045751633986928,0.041484071289094045,1.123630930261134
198,366,6.70237666979295,5.357142857142858,4.6515565144817295,29.58568306010929,5.838469945355191,0.9781420765027322,0.0,0.02459016393442623,0.02534533737541297,0.6940159802486042
200,293,4.866170801344968,3.8636363636363633,5.254896115707084,37.04453924914676,9.433276450511945,0.9829351535836177,0.0,0.0034129692832764505,0.004729312436328018,1.0798832039053534
201,205,4.621687356371107,3.9583333333333335,3.384836333064879,47.535121951219516,12.093853658536585,0.9902439024390244,0.0,0.0,0.002314059959009114,0.7323810703895409
202,311,7.18422499847565,5.957446808510638,4.99790594958144,33.799163987138265,6.312861736334405,0.9260450160771704,0.01607717041800643,0.07717041800643087,0.03778579430863074,0.6956778150241532
203,256,4.779872787030625,3.624504119621605,5.5804734975616554,50.7056640625,12.8943359375,0.94140625,0.0,0.03515625,0.009711988394417798,1.167494146016464
205,821,4.95727278969386,3.7398373983739837,3.382801257641983,40.85907429963459,10.523288672350793,0.9926918392204629,0.0,0.0,0.0015804094904390646,0.6823915893179827
207,101,17.3738967975103,10.599078341013826,16.776718068359216,56.09524752475247,5.331584158415842,0.7821782178217822,0.0891089108910891,0.21782178217821782,0.1470317051226531,0.9656278187840587
208,331,4.872331832111762,4.086021505376344,2.7649442680121608,37.147583081571,9.028277945619335,0.9788519637462235,0.0030211480362537764,0.021148036253776436,0.007160528096890262,0.5674786453971427
209,4922,9.575749328670984,7.322458628841607,6.38927339605751,28.15602194229988,4.263199918732223,0.8967899227956115,0.013612352702153597,0.9211702559934986,0.22251789657516105,0.6672348217102165
210,854,7.476868985306842,5.143325143325143,6.430742030054881,35.327751756440286,7.558430913348945,0.9953161592505855,0.0,0.0,0.0002732447817836812,0.8600848888341155
211,23406,12.990255382943273,11.375,7.015733886264306,22.88169742800991,2.4146782876185595,0.8992138767837307,0.009484747500640862,0.9957703153037682,0.24886426247821403,0.5400766712774752
212,322,5.590287415291757,4.407268170426065,3.8791726394044383,33.34052795031056,7.650496894409938,0.9813664596273292,0.0,0.003105590062111801,0.0018681340247427972,0.6939129156031031
213,948,5.016838211378688,4.342105263157895,2.9634589837872802,35.08808016877637,8.280210970464136,0.990506329113924,0.0010548523206751054,0.004219409282700422,0.0015426553362124546,0.5907025219720781
215,822,5.571176840513966,4.275538894095595,3.769185763171668,50.04131386861314,10.733759124087591,0.9610705596107056,0.13138686131386862,0.12043795620437957,0.04383766798434622,0.6765510898454883
216,1219,13.854250476612327,5.5102040816326525,14.77634621040817,57.59873666940115,7.6157424118129615,0.9064807219031994,0.051681706316652996,0.030352748154224774,0.08373359697270445,1.0665568834165697
217,290,8.7766456602423,6.4451395324889305,6.883640342862487,29.466310344827583,5.226413793103449,0.9137931034482759,0.013793103448275862,0.06896551724137931,0.03126437090874057,0.7843133480989191
218,660,5.418491307041404,4.0,4.337878083650917,39.62795454545455,9.698439393939394,0.9848484848484849,0.004545454545454545,0.004545454545454545,0.004804187617176141,0.8005693536896119
219,612,6.988539746918938,4.5897753040610185,9.37793410247086,62.90153594771242,12.462614379084966,0.8888888888888888,0.16339869281045752,0.16339869281045752,0.08610169181052801,1.341901805252713
220,432,5.750359308477415,4.330836860957342,5.773392719461318,34.536458333333336,8.147523148148148,0.9791666666666666,0.0,0.0023148148148148147,0.00572247475574111,1.0040055603047182
222,1060,6.517111193678647,5.0,4.786584104772647,33.32400943396226,6.9904339622641505,0.9990566037735849,0.0009433962264150943,0.0009433962264150943,0.0005948352743678523,0.7344640842426401
223,816,13.049243284923373,7.267737268649232,13.699395716357085,43.6369362745098,5.310698529411765,0.7977941176470589,0.09436274509803921,0.1090686274509804,0.13226415099828995,1.0498229987163221
224,3082,11.757362891136742,10.833333333333332,5.866130379543025,21.883014276443866,2.6269922128487995,0.8475016223231667,0.01427644386761843,0.9445165476963011,0.23992683219854383,0.4989324930988727
225,1763,7.252923871521568,5.5102040816326525,6.2750994225091965,28.542943845717527,5.6969256948383435,0.9892229154849688,0.0017016449234259785,0.0045377197958026095,0.0038804087233285365,0.8651820332966991
226,3059,9.177525757725295,7.268370607028754,7.278289020971217,46.85721477607061,6.362036613272312,0.7865315462569468,0.03792088917947042,0.18960444589735206,0.1625515410028082,0.7930556898567817
227,448,7.22281699674511,5.446570972886763,6.6486986839458435,32.35892857142857,6.627209821428571,0.9866071428571429,0.002232142857142857,0.0,0.0006693010672737138,0.920513241155357
228,755,6.187316912148805,5.1020408163265305,4.239083442952874,33.81182781456954,7.241456953642384,0.9748344370860927,0.0013245033112582781,0.02119205298013245,0.01646468273812671,0.6851246676292639
229,51003,14.540684895331283,12.625899280575538,8.014565964411569,20.445719467482306,2.0280763876634706,0.8755563398231476,0.008901437170362528,0.9927259180832501,0.26446522702473524,0.5511821500914913
230,92712,14.082428681274159,12.09375,8.518069869694642,25.4447282983864,2.9819615583743206,0.8461040641988092,0.029823539563379065,0.9921045819311416,0.26115158931581806,0.6048722178881959
231,39022,11.770053826337028,9.910286952975769,7.065453363332849,24.697474757828918,3.0878901645225767,0.9113064425196044,0.007841730305981242,0.9657116498385526,0.2435367526998977,0.600290658613895
232,4382,9.958938555808121,8.130448741695684,6.949923607787401,26.81157005933364,3.979968051118211,0.9018712916476495,0.012323140118667275,0.7685988133272479,0.18410717023696638,0.69785786596044
233,30231,13.405468047644353,11.766467065868262,7.581720974280298,22.67680824319407,2.5934709404253913,0.8704971717773147,0.02470973504019053,0.9831960570275545,0.25534038483900207,0.5655692846631027
234,79246,14.17937264431882,12.821428571428571,6.990968353960485,21.120286197410593,2.0378220982762536,0.9020139817782601,0.006183277389395048,0.9936779143426797,0.2614957209324929,0.493037917073258
235,839,6.089292383846129,4.788732394366197,4.9180645634791285,34.15190703218117,7.654398092967819,0.9809296781883194,0.0,0.0011918951132300357,0.0030269078418234223,0.8076578120186721
236,147854,13.481112195511397,12.105263157894736,6.373977435986512,18.580595114099044,1.8659210437323306,0.9013012836987839,0.0046870561499857966,0.3173062615823718,0.2659070091782788,0.47280798079173014
237,174116,14.707367037052554,13.277777777777777,6.929556324411698,18.65018413012015,1.7366607893588182,0.888160766385628,0.004611867950102231,0.5158170415125548,0.271089720277764,0.4711622622155232
238,57878,11.82885499028324,10.662251655629138,5.553499408489276,18.716901067763228,2.1290091226372714,0.8832025985694046,0.007930474446249006,0.2158160268150247,0.26302682989082055,0.4694874874238608
239,82913,12.28225022374796,11.083333333333332,5.602322949553492,19.01300845464523,2.063867668520015,0.8927188740004584,0.007369170093953903,0.3182613100478815,0.270665638844216,0.45613164098556597
241,517,5.328845480716358,4.230769230769231,3.6805947015292237,38.00969052224371,8.958626692456479,0.9903288201160542,0.0,0.0019342359767891683,0.0030936019264287008,0.6906927053614699
242,582,6.476103107467156,4.818121693121693,5.46493404585191,32.74518900343643,7.109037800687285,0.9828178694158075,0.0,0.006872852233676976,0.005129768708585906,0.8438614943530879
243,985,7.258476005453005,5.358565737051793,6.345907674850796,29.246192893401016,6.0000812182741114,0.868020304568528,0.0020304568527918783,0.04060913705583756,0.04026254017324227,0.8742754911751953
244,2827,7.726863513571568,6.055900621118012,6.4134898014995265,27.57490272373541,5.192062256809339,0.8089847895295366,0.0031835868411743897,0.07958967102935975,0.08990462360739374,0.830024988824351
246,52743,12.499693342472588,11.124031007751936,6.104098054385617,22.80040915382136,2.3918838518855585,0.8975977854881216,0.005327721214189561,0.975010901920634,0.2496466146834936,0.48833982459750125
247,903,7.105213267313855,5.483870967741935,4.963586085308113,34.526434108527134,6.708161683277963,0.920265780730897,0.0011074197120708748,0.07973421926910298,0.047224865493762556,0.6985836875779817
248,358,5.196715577143114,4.266666666666667,3.91881976203685,35.19215083798883,8.245,0.9860335195530726,0.0,0.002793296089385475,0.0057446276873636066,0.754095486632581
249,63380,12.780472477075572,11.585744047619048,6.226672549231956,20.879223729883243,2.17273240769959,0.9177185231934364,0.0032186809719154308,0.9953297570211423,0.2589612338784573,0.4872020623964243
250,396,4.820328297169648,4.07000407000407,2.7891925064177574,36.449873737373736,8.862323232323233,0.9722222222222222,0.0,0.0025252525252525255,0.001216148192892379,0.5786312330750351
252,111,5.987442989588596,4.020618556701031,6.730521677355456,39.379009009009,9.418648648648649,0.954954954954955,0.0,0.009009009009009009,0.010700335609574375,1.124106181730495
254,708,5.035659221320756,3.882924043403769,3.81216574185054,39.35098870056497,9.92066384180791,0.9887005649717514,0.0,0.0,0.001432891791377677,0.7570340990728682
255,1397,8.650007907170256,7.190553745928339,5.219118437757473,25.790042949176808,3.9344881889763776,0.9162491052254832,0.006442376521116679,0.3779527559055118,0.2114945358511337,0.6033657418314249
256,1048,8.750874747044158,7.309928836282135,6.933937273490483,29.987729007633586,4.683807251908397,0.8845419847328244,0.016221374045801526,0.2900763358778626,0.1532337293819342,0.7923707599440394
257,222,6.8468495133890706,5.556655121227115,5.369244052601372,29.98063063063063,6.093558558558558,0.972972972972973,0.0,0.018018018018018018,0.028907604584190855,0.78419191806418
258,370,6.530216981033326,4.573849878934624,6.478040553228176,37.512702702702704,7.890621621621622,0.972972972972973,0.005405405405405406,0.002702702702702703,0.010003545223680273,0.9920100008994045
259,385,4.622241769489488,3.6054421768707483,3.884553724095781,42.29948051948052,11.258727272727272,0.9922077922077922,0.0,0.0,1.7132205805761903e-05,0.8404047035654775
260,811,10.384662371608675,7.5423728813559325,8.012314242421143,41.59524044389642,5.167053020961775,0.7755856966707768,0.035758323057953144,0.15413070283600494,0.17408975118392922,0.7715526952832426
261,12394,10.060217561923892,8.171355498721228,6.37860082738346,29.1257180893981,4.117998224947556,0.8644505405841536,0.019364208487978055,0.9508633209617557,0.2314905695535623,0.6340420361807396
262,40160,12.02505761735127,10.90909090909091,5.909176136540582,19.46687624501992,2.302097609561753,0.8936752988047809,0.00968625498007968,0.3094621513944223,0.25817829812221876,0.49140522437198775
263,55511,12.681018595199687,11.16504854368932,6.405047581085174,18.393632613355912,2.071629406784241,0.8854641422420781,0.006070868836807119,0.29388769793374286,0.2655743194231221,0.5050893611582402
264,4093,10.849473235250358,9.037940379403794,7.736452180951079,31.77698509650623,4.9721475690202785,0.8636696799413633,0.09308575616906914,0.6589298802834107,0.24386024981445295,0.7130716868184022
265,432,14.584473739843649,8.164983164983164,16.250360041336187,83.57592592592593,10.190486111111111,0.7708333333333334,0.027777777777777776,0.09722222222222222,0.2887077791737133,1.1142232713506464
